<?xml version="1.0" encoding="UTF-8"?>
<!DOCTYPE suite SYSTEM "https://testng.org/testng-1.0.dtd">
<suite name="Suite">
  <test thread-count="5" name="Test">
    <groups>
		<run>
			<include name="outbox"></include>
			<exclude name="drafts"></exclude>
		</run>
	</groups>
    <classes>
      <class name="multipleSuitePkg.Inbox"/>
      <class name="multipleSuitePkg.Compose"/>
      <class name="multipleSuitePkg.Sent"/>
    </classes>
  </test> <!-- Test -->
</suite> <!-- Suite -->
